id,sentence,VI,normalized-VI,homogeneity,completeness,V-score
0,-,0.6666666666666679,0.11751192005564601,0.8492234537424981,0.918464939457502,0.8824880799443541
1,I don't know,4.440892098500626e-16,1.4009454786722165e-16,1.0,1.0,1.0
2,acorn,-0.0,nan,1.0,1.0,1.0
3,he is putting on clothes,0.0,0.0,1.0,1.0,1.0
